date,time,PT ,,,,,
1/4/2016,0:00:00,10.227,,,,,
1/4/2016,0:05:00,10.224,,,,,
1/4/2016,0:10:00,10.222,,,,,
1/4/2016,0:15:00,10.219,,,,,
1/4/2016,0:20:00,10.218,,,,,
1/4/2016,0:25:00,10.219,,,,,
1/4/2016,0:30:00,10.218,,,,,
1/4/2016,0:35:00,10.218,,,,,
1/4/2016,0:40:00,10.216,,,,,
1/4/2016,0:45:00,10.216,,,,,
1/4/2016,0:50:00,10.216,,,,,
1/4/2016,0:55:00,10.215,,,,,
1/4/2016,1:00:00,10.214,,,,,
1/4/2016,1:05:00,10.214,,,,,
1/4/2016,1:10:00,10.212,,,,,
1/4/2016,1:15:00,10.212,,,,,
1/4/2016,1:20:00,10.212,,,,,
1/4/2016,1:25:00,10.214,,,,,
1/4/2016,1:30:00,10.212,,,,,
1/4/2016,1:35:00,10.212,,,,,
1/4/2016,1:40:00,10.212,,,,,
1/4/2016,1:45:00,10.212,,,,,
1/4/2016,1:50:00,10.212,,,,,
1/4/2016,1:55:00,10.212,,,,,
1/4/2016,2:00:00,10.212,,,,,
1/4/2016,2:05:00,10.212,,,,,
1/4/2016,2:10:00,10.212,,,,,
1/4/2016,2:15:00,10.21,,,,,
1/4/2016,2:20:00,10.209,,,,,
1/4/2016,2:25:00,10.209,,,,,
1/4/2016,2:30:00,10.207,,,,,
1/4/2016,2:35:00,10.206,,,,,
1/4/2016,2:40:00,10.205,,,,,
1/4/2016,2:45:00,10.205,,,,,
1/4/2016,2:50:00,10.205,,,,,
1/4/2016,2:55:00,10.205,,,,,
1/4/2016,3:00:00,10.203,,,,,
1/4/2016,3:05:00,10.203,,,,,
1/4/2016,3:10:00,10.201,,,,,
1/4/2016,3:15:00,10.2,,,,,
1/4/2016,3:20:00,10.2,,,,,
1/4/2016,3:25:00,10.2,,,,,
1/4/2016,3:30:00,10.2,,,,,
1/4/2016,3:35:00,10.2,,,,,
1/4/2016,3:40:00,10.2,,,,,
1/4/2016,3:45:00,10.2,,,,,
1/4/2016,3:50:00,10.2,,,,,
1/4/2016,3:55:00,10.198,,,,,
1/4/2016,4:00:00,10.198,,,,,
1/4/2016,4:05:00,10.198,,,,,
1/4/2016,4:10:00,10.198,,,,,
1/4/2016,4:15:00,10.197,,,,,
1/4/2016,4:20:00,10.197,,,,,
1/4/2016,4:25:00,10.197,,,,,
1/4/2016,4:30:00,10.195,,,,,
1/4/2016,4:35:00,10.195,,,,,
1/4/2016,4:40:00,10.195,,,,,
1/4/2016,4:45:00,10.195,,,,,
1/4/2016,4:50:00,10.195,,,,,
1/4/2016,4:55:00,10.194,,,,,
1/4/2016,5:00:00,10.194,,,,,
1/4/2016,5:05:00,10.193,,,,,
1/4/2016,5:10:00,10.193,,,,,
1/4/2016,5:15:00,10.194,,,,,
1/4/2016,5:20:00,10.195,,,,,
1/4/2016,5:25:00,10.195,,,,,
1/4/2016,5:30:00,10.195,,,,,
1/4/2016,5:35:00,10.197,,,,,
1/4/2016,5:40:00,10.197,,,,,
1/4/2016,5:45:00,10.195,,,,,
1/4/2016,5:50:00,10.197,,,,,
1/4/2016,5:55:00,10.197,,,,,
1/4/2016,6:00:00,10.197,,,,,
1/4/2016,6:05:00,10.2,,,,,
1/4/2016,6:10:00,10.201,,,,,
1/4/2016,6:15:00,10.2,,,,,
1/4/2016,6:20:00,10.201,,,,,
1/4/2016,6:25:00,10.201,,,,,
1/4/2016,6:30:00,10.201,,,,,
1/4/2016,6:35:00,10.201,,,,,
1/4/2016,6:40:00,10.201,,,,,
1/4/2016,6:45:00,10.201,,,,,
1/4/2016,6:50:00,10.201,,,,,
1/4/2016,6:55:00,10.203,,,,,
1/4/2016,7:00:00,10.203,,,,,
1/4/2016,7:05:00,10.203,,,,,
1/4/2016,7:10:00,10.205,,,,,
1/4/2016,7:15:00,10.206,,,,,
1/4/2016,7:20:00,10.207,,,,,
1/4/2016,7:25:00,10.207,,,,,
1/4/2016,7:30:00,10.209,,,,,
1/4/2016,7:35:00,10.207,,,,,
1/4/2016,7:40:00,10.209,,,,,
1/4/2016,7:45:00,10.209,,,,,
1/4/2016,7:50:00,10.21,,,,,
1/4/2016,7:55:00,10.21,,,,,
1/4/2016,8:00:00,10.21,,,,,
1/4/2016,8:05:00,10.212,,,,,
1/4/2016,8:10:00,10.214,,,,,
1/4/2016,8:15:00,10.214,,,,,
1/4/2016,8:20:00,10.215,,,,,
1/4/2016,8:25:00,10.215,,,,,
1/4/2016,8:30:00,10.216,,,,,
1/4/2016,8:35:00,10.216,,,,,
1/4/2016,8:40:00,10.218,,,,,
1/4/2016,8:45:00,10.219,,,,,
1/4/2016,8:50:00,10.218,,,,,
1/4/2016,8:55:00,10.219,,,,,
1/4/2016,9:00:00,10.219,,,,,
1/4/2016,9:05:00,10.219,,,,,
1/4/2016,9:10:00,10.221,,,,,
1/4/2016,9:15:00,10.222,,,,,
1/4/2016,9:20:00,10.224,,,,,
1/4/2016,9:25:00,10.226,,,,,
1/4/2016,9:30:00,10.227,,,,,
1/4/2016,9:35:00,10.227,,,,,
1/4/2016,9:40:00,10.227,,,,,
1/4/2016,9:45:00,10.227,,,,,
1/4/2016,9:50:00,10.227,,,,,
1/4/2016,9:55:00,10.228,,,,,
1/4/2016,10:00:00,10.227,,,,,
1/4/2016,10:05:00,10.228,,,,,
1/4/2016,10:10:00,10.227,,,,,
1/4/2016,10:15:00,10.228,,,,,
1/4/2016,10:20:00,10.228,,,,,
1/4/2016,10:25:00,10.227,,,,,
1/4/2016,10:30:00,10.228,,,,,
1/4/2016,10:35:00,10.228,,,,,
1/4/2016,10:40:00,10.228,,,,,
1/4/2016,10:45:00,10.228,,,,,
1/4/2016,10:50:00,10.227,,,,,
1/4/2016,10:55:00,10.227,,,,,
1/4/2016,11:00:00,10.227,,,,,
1/4/2016,11:05:00,10.226,,,,,
1/4/2016,11:10:00,10.226,,,,,
1/4/2016,11:15:00,10.224,,,,,
1/4/2016,11:20:00,10.224,,,,,
1/4/2016,11:25:00,10.224,,,,,
1/4/2016,11:30:00,10.222,,,,,
1/4/2016,11:35:00,10.222,,,,,
1/4/2016,11:40:00,10.222,,,,,
1/4/2016,11:45:00,10.221,,,,,
1/4/2016,11:50:00,10.221,,,,,
1/4/2016,11:55:00,10.221,,,,,
1/4/2016,12:00:00,10.221,,,,,
1/4/2016,12:05:00,10.221,,,,,
1/4/2016,12:10:00,10.221,,,,,
1/4/2016,12:15:00,10.219,,,,,
1/4/2016,12:20:00,10.218,,,,,
1/4/2016,12:25:00,10.218,,,,,
1/4/2016,12:30:00,10.218,,,,,
1/4/2016,12:35:00,10.215,,,,,
1/4/2016,12:40:00,10.216,,,,,
1/4/2016,12:45:00,10.218,,,,,
1/4/2016,12:50:00,10.218,,,,,
1/4/2016,12:55:00,10.216,,,,,
1/4/2016,13:00:00,10.216,,,,,
1/4/2016,13:05:00,10.216,,,,,
1/4/2016,13:10:00,10.216,,,,,
1/4/2016,13:15:00,10.215,,,,,
1/4/2016,13:20:00,10.216,,,,,
1/4/2016,13:25:00,10.216,,,,,
1/4/2016,13:30:00,10.216,,,,,
1/4/2016,13:35:00,10.216,,,,,
1/4/2016,13:40:00,10.215,,,,,
1/4/2016,13:45:00,10.215,,,,,
1/4/2016,13:50:00,10.215,,,,,
1/4/2016,13:55:00,10.216,,,,,
1/4/2016,14:00:00,10.215,,,,,
1/4/2016,14:05:00,10.215,,,,,
1/4/2016,14:10:00,10.215,,,,,
1/4/2016,14:15:00,10.216,,,,,
1/4/2016,14:20:00,10.216,,,,,
1/4/2016,14:25:00,10.216,,,,,
1/4/2016,14:30:00,10.216,,,,,
1/4/2016,14:35:00,10.218,,,,,
1/4/2016,14:40:00,10.218,,,,,
1/4/2016,14:45:00,10.218,,,,,
1/4/2016,14:50:00,10.219,,,,,
1/4/2016,14:55:00,10.221,,,,,
1/4/2016,15:00:00,10.221,,,,,
1/4/2016,15:05:00,10.222,,,,,
1/4/2016,15:10:00,10.221,,,,,
1/4/2016,15:15:00,10.221,,,,,
1/4/2016,15:20:00,10.222,,,,,
1/4/2016,15:25:00,10.222,,,,,
1/4/2016,15:30:00,10.222,,,,,
1/4/2016,15:35:00,10.222,,,,,
1/4/2016,15:40:00,10.221,,,,,
1/4/2016,15:45:00,10.222,,,,,
1/4/2016,15:50:00,10.226,,,,,
1/4/2016,15:55:00,10.222,,,,,
1/4/2016,16:00:00,10.219,,,,,
1/4/2016,16:05:00,10.212,,,,,
1/4/2016,16:10:00,10.203,,,,,
1/4/2016,16:15:00,10.191,,,,,
1/4/2016,16:20:00,10.182,,,,,
1/4/2016,16:25:00,10.174,,,,,
1/4/2016,16:30:00,10.172,,,,,
1/4/2016,16:35:00,10.167,,,,,
1/4/2016,16:40:00,10.164,,,,,
1/4/2016,16:45:00,10.167,,,,,
1/4/2016,16:50:00,10.161,,,,,
1/4/2016,16:55:00,10.158,,,,,
1/4/2016,17:00:00,10.228,,,,,
1/4/2016,17:05:00,10.23,,,,,
1/4/2016,17:10:00,10.23,,,,,
1/4/2016,17:15:00,10.23,,,,,
1/4/2016,17:20:00,10.231,,,,,
1/4/2016,17:25:00,10.233,,,,,
1/4/2016,17:30:00,10.231,,,,,
1/4/2016,17:35:00,10.234,,,,,
1/4/2016,17:40:00,10.234,,,,,
1/4/2016,17:45:00,10.234,,,,,
1/4/2016,17:50:00,10.236,,,,,
1/4/2016,17:55:00,10.236,,,,,
1/4/2016,18:00:00,10.236,,,,,
1/4/2016,18:05:00,10.238,,,,,
1/4/2016,18:10:00,10.238,,,,,
1/4/2016,18:15:00,10.238,,,,,
1/4/2016,18:20:00,10.238,,,,,
1/4/2016,18:25:00,10.239,,,,,
1/4/2016,18:30:00,10.24,,,,,
1/4/2016,18:35:00,10.24,,,,,
1/4/2016,18:40:00,10.24,,,,,
1/4/2016,18:45:00,10.24,,,,,
1/4/2016,18:50:00,10.242,,,,,
1/4/2016,18:55:00,10.243,,,,,
1/4/2016,19:00:00,10.243,,,,,
1/4/2016,19:05:00,10.245,,,,,
1/4/2016,19:10:00,10.245,,,,,
1/4/2016,19:15:00,10.245,,,,,
1/4/2016,19:20:00,10.243,,,,,
1/4/2016,19:25:00,10.243,,,,,
1/4/2016,19:30:00,10.245,,,,,
1/4/2016,19:35:00,10.245,,,,,
1/4/2016,19:40:00,10.247,,,,,
1/4/2016,19:45:00,10.247,,,,,
1/4/2016,19:50:00,10.248,,,,,
1/4/2016,19:55:00,10.248,,,,,
1/4/2016,20:00:00,10.249,,,,,
1/4/2016,20:05:00,10.249,,,,,
1/4/2016,20:10:00,10.251,,,,,
1/4/2016,20:15:00,10.251,,,,,
1/4/2016,20:20:00,10.251,,,,,
1/4/2016,20:25:00,10.252,,,,,
1/4/2016,20:30:00,10.254,,,,,
1/4/2016,20:35:00,10.254,,,,,
1/4/2016,20:40:00,10.254,,,,,
1/4/2016,20:45:00,10.255,,,,,
1/4/2016,20:50:00,10.254,,,,,
1/4/2016,20:55:00,10.252,,,,,
1/4/2016,21:00:00,10.252,,,,,
1/4/2016,21:05:00,10.255,,,,,
1/4/2016,21:10:00,10.255,,,,,
1/4/2016,21:15:00,10.257,,,,,
1/4/2016,21:20:00,10.257,,,,,
1/4/2016,21:25:00,10.259,,,,,
1/4/2016,21:30:00,10.259,,,,,
1/4/2016,21:35:00,10.259,,,,,
1/4/2016,21:40:00,10.26,,,,,
1/4/2016,21:45:00,10.26,,,,,
1/4/2016,21:50:00,10.26,,,,,
1/4/2016,21:55:00,10.26,,,,,
1/4/2016,22:00:00,10.26,,,,,
1/4/2016,22:05:00,10.261,,,,,
1/4/2016,22:10:00,10.261,,,,,
1/4/2016,22:15:00,10.261,,,,,
1/4/2016,22:20:00,10.261,,,,,
1/4/2016,22:25:00,10.263,,,,,
1/4/2016,22:30:00,10.263,,,,,
1/4/2016,22:35:00,10.263,,,,,
1/4/2016,22:40:00,10.263,,,,,
1/4/2016,22:45:00,10.263,,,,,
1/4/2016,22:50:00,10.263,,,,,
1/4/2016,22:55:00,10.263,,,,,
1/4/2016,23:00:00,10.263,,,,,
1/4/2016,23:05:00,10.263,,,,,
1/4/2016,23:10:00,10.263,,,,,
1/4/2016,23:15:00,10.263,,,,,
1/4/2016,23:20:00,10.263,,,,,
1/4/2016,23:25:00,10.263,,,,,
1/4/2016,23:30:00,10.261,,,,,
1/4/2016,23:35:00,10.261,,,,,
1/4/2016,23:40:00,10.261,,,,,
1/4/2016,23:45:00,10.261,,,,,
1/4/2016,23:50:00,10.261,,,,,
1/4/2016,23:55:00,10.261,,,,,
1/5/2016,0:00:00,10.261,,,,,
1/5/2016,0:05:00,10.261,,,,,
1/5/2016,0:10:00,10.26,,,,,
1/5/2016,0:15:00,10.26,,,,,
1/5/2016,0:20:00,10.259,,,,,
1/5/2016,0:25:00,10.26,,,,,
1/5/2016,0:30:00,10.26,,,,,
1/5/2016,0:35:00,10.257,,,,,
1/5/2016,0:40:00,10.259,,,,,
1/5/2016,0:45:00,10.259,,,,,
1/5/2016,0:50:00,10.259,,,,,
1/5/2016,0:55:00,10.259,,,,,
1/5/2016,1:00:00,10.257,,,,,
1/5/2016,1:05:00,10.257,,,,,
1/5/2016,1:10:00,10.257,,,,,
1/5/2016,1:15:00,10.257,,,,,
1/5/2016,1:20:00,10.259,,,,,
1/5/2016,1:25:00,10.259,,,,,
1/5/2016,1:30:00,10.259,,,,,
1/5/2016,1:35:00,10.259,,,,,
1/5/2016,1:40:00,10.259,,,,,
1/5/2016,1:45:00,10.26,,,,,
1/5/2016,1:50:00,10.26,,,,,
1/5/2016,1:55:00,10.259,,,,,
1/5/2016,2:00:00,10.26,,,,,
1/5/2016,2:05:00,10.26,,,,,
1/5/2016,2:10:00,10.26,,,,,
1/5/2016,2:15:00,10.26,,,,,
1/5/2016,2:20:00,10.26,,,,,
1/5/2016,2:25:00,10.26,,,,,
1/5/2016,2:30:00,10.259,,,,,
1/5/2016,2:35:00,10.259,,,,,
1/5/2016,2:40:00,10.26,,,,,
1/5/2016,2:45:00,10.259,,,,,
1/5/2016,2:50:00,10.26,,,,,
1/5/2016,2:55:00,10.259,,,,,
1/5/2016,3:00:00,10.257,,,,,
1/5/2016,3:05:00,10.257,,,,,
1/5/2016,3:10:00,10.255,,,,,
1/5/2016,3:15:00,10.257,,,,,
1/5/2016,3:20:00,10.257,,,,,
1/5/2016,3:25:00,10.257,,,,,
1/5/2016,3:30:00,10.255,,,,,
1/5/2016,3:35:00,10.257,,,,,
1/5/2016,3:40:00,10.259,,,,,
1/5/2016,3:45:00,10.255,,,,,
1/5/2016,3:50:00,10.255,,,,,
1/5/2016,3:55:00,10.254,,,,,
1/5/2016,4:00:00,10.254,,,,,
1/5/2016,4:05:00,10.254,,,,,
1/5/2016,4:10:00,10.254,,,,,
1/5/2016,4:15:00,10.254,,,,,
1/5/2016,4:20:00,10.254,,,,,
1/5/2016,4:25:00,10.254,,,,,
1/5/2016,4:30:00,10.252,,,,,
1/5/2016,4:35:00,10.251,,,,,
1/5/2016,4:40:00,10.252,,,,,
1/5/2016,4:45:00,10.252,,,,,
1/5/2016,4:50:00,10.254,,,,,
1/5/2016,4:55:00,10.254,,,,,
1/5/2016,5:00:00,10.252,,,,,
1/5/2016,5:05:00,10.252,,,,,
1/5/2016,5:10:00,10.254,,,,,
1/5/2016,5:15:00,10.254,,,,,
1/5/2016,5:20:00,10.254,,,,,
1/5/2016,5:25:00,10.252,,,,,
1/5/2016,5:30:00,10.252,,,,,
1/5/2016,5:35:00,10.254,,,,,
1/5/2016,5:40:00,10.254,,,,,
1/5/2016,5:45:00,10.257,,,,,
1/5/2016,5:50:00,10.259,,,,,
1/5/2016,5:55:00,10.26,,,,,
1/5/2016,6:00:00,10.26,,,,,
1/5/2016,6:05:00,10.261,,,,,
1/5/2016,6:10:00,10.261,,,,,
1/5/2016,6:15:00,10.263,,,,,
1/5/2016,6:20:00,10.263,,,,,
1/5/2016,6:25:00,10.263,,,,,
1/5/2016,6:30:00,10.264,,,,,
1/5/2016,6:35:00,10.264,,,,,
1/5/2016,6:40:00,10.267,,,,,
1/5/2016,6:45:00,10.267,,,,,
1/5/2016,6:50:00,10.266,,,,,
1/5/2016,6:55:00,10.266,,,,,
1/5/2016,7:00:00,10.266,,,,,
1/5/2016,7:05:00,10.264,,,,,
1/5/2016,7:10:00,10.264,,,,,
1/5/2016,7:15:00,10.264,,,,,
1/5/2016,7:20:00,10.263,,,,,
1/5/2016,7:25:00,10.263,,,,,
1/5/2016,7:30:00,10.266,,,,,
1/5/2016,7:35:00,10.266,,,,,
1/5/2016,7:40:00,10.266,,,,,
1/5/2016,7:45:00,10.267,,,,,
1/5/2016,7:50:00,10.267,,,,,
1/5/2016,7:55:00,10.267,,,,,
1/5/2016,8:00:00,10.266,,,,,
1/5/2016,8:05:00,10.269,,,,,
1/5/2016,8:10:00,10.269,,,,,
1/5/2016,8:15:00,10.271,,,,,
1/5/2016,8:20:00,10.269,,,,,
1/5/2016,8:25:00,10.271,,,,,
1/5/2016,8:30:00,10.271,,,,,
1/5/2016,8:35:00,10.271,,,,,
1/5/2016,8:40:00,10.271,,,,,
1/5/2016,8:45:00,10.271,,,,,
1/5/2016,8:50:00,10.272,,,,,
1/5/2016,8:55:00,10.272,,,,,
1/5/2016,9:00:00,10.272,,,,,
1/5/2016,9:05:00,10.273,,,,,
1/5/2016,9:10:00,10.273,,,,,
1/5/2016,9:15:00,10.275,,,,,
1/5/2016,9:20:00,10.275,,,,,
1/5/2016,9:25:00,10.273,,,,,
1/5/2016,9:30:00,10.275,,,,,
1/5/2016,9:35:00,10.273,,,,,
1/5/2016,9:40:00,10.272,,,,,
1/5/2016,9:45:00,10.272,,,,,
1/5/2016,9:50:00,10.271,,,,,
1/5/2016,9:55:00,10.271,,,,,
1/5/2016,10:00:00,10.271,,,,,
1/5/2016,10:05:00,10.271,,,,,
1/5/2016,10:10:00,10.269,,,,,
1/5/2016,10:15:00,10.269,,,,,
1/5/2016,10:20:00,10.269,,,,,
1/5/2016,10:25:00,10.269,,,,,
1/5/2016,10:30:00,10.267,,,,,
1/5/2016,10:35:00,10.266,,,,,
1/5/2016,10:40:00,10.267,,,,,
1/5/2016,10:45:00,10.267,,,,,
1/5/2016,10:50:00,10.266,,,,,
1/5/2016,10:55:00,10.264,,,,,
1/5/2016,11:00:00,10.264,,,,,
1/5/2016,11:05:00,10.261,,,,,
1/5/2016,11:10:00,10.26,,,,,
1/5/2016,11:15:00,10.259,,,,,
1/5/2016,11:20:00,10.257,,,,,
1/5/2016,11:25:00,10.259,,,,,
1/5/2016,11:30:00,10.257,,,,,
1/5/2016,11:35:00,10.254,,,,,
1/5/2016,11:40:00,10.252,,,,,
1/5/2016,11:45:00,10.252,,,,,
1/5/2016,11:50:00,10.254,,,,,
1/5/2016,11:55:00,10.254,,,,,
1/5/2016,12:00:00,10.252,,,,,
1/5/2016,12:05:00,10.252,,,,,
1/5/2016,12:10:00,10.252,,,,,
1/5/2016,12:15:00,10.252,,,,,
1/5/2016,12:20:00,10.251,,,,,
1/5/2016,12:25:00,10.248,,,,,
1/5/2016,12:30:00,10.247,,,,,
1/5/2016,12:35:00,10.247,,,,,
1/5/2016,12:40:00,10.245,,,,,
1/5/2016,12:45:00,10.247,,,,,
1/5/2016,12:50:00,10.245,,,,,
1/5/2016,12:55:00,10.251,,,,,
1/5/2016,13:00:00,10.251,,,,,
1/5/2016,13:05:00,10.257,,,,,
1/5/2016,13:10:00,10.297,,,,,
1/5/2016,13:15:00,10.302,,,,,
1/5/2016,13:20:00,10.313,,,,,
1/5/2016,13:25:00,10.304,,,,,
1/5/2016,13:30:00,10.299,,,,,
1/5/2016,13:35:00,10.414,,,,,
1/5/2016,13:40:00,10.471,,,,,
1/5/2016,13:45:00,10.556,,,,,
1/5/2016,13:50:00,10.506,,,,,
1/5/2016,13:55:00,10.401,,,,,
1/5/2016,14:00:00,10.41,,,,,
1/5/2016,14:05:00,10.407,,,,,
1/5/2016,14:10:00,10.447,,,,,
1/5/2016,14:15:00,10.587,,,,,
1/5/2016,14:20:00,10.728,,,,,
1/5/2016,14:25:00,10.696,,,,,
1/5/2016,14:30:00,10.747,,,,,
1/5/2016,14:35:00,10.671,,,,,
1/5/2016,14:40:00,10.746,,,,,
1/5/2016,14:45:00,10.799,,,,,
1/5/2016,14:50:00,10.249,,,,,
1/5/2016,14:55:00,10.269,,,,,
1/5/2016,15:00:00,10.224,,,,,
1/5/2016,15:05:00,10.218,,,,,
1/5/2016,15:10:00,10.216,,,,,
1/5/2016,15:15:00,10.219,,,,,
1/5/2016,15:20:00,10.224,,,,,
1/5/2016,15:25:00,10.23,,,,,
1/5/2016,15:30:00,10.218,,,,,
1/5/2016,15:35:00,10.234,,,,,
1/5/2016,15:40:00,10.226,,,,,
1/5/2016,15:45:00,10.239,,,,,
1/5/2016,15:50:00,10.221,,,,,
1/5/2016,15:55:00,10.228,,,,,
1/5/2016,16:00:00,10.218,,,,,
1/5/2016,16:05:00,10.219,,,,,
1/5/2016,16:10:00,10.212,,,,,
1/5/2016,16:15:00,10.212,,,,,
1/5/2016,16:20:00,10.216,,,,,
1/5/2016,16:25:00,10.222,,,,,
1/5/2016,16:30:00,10.228,,,,,
1/5/2016,16:35:00,10.23,,,,,
1/5/2016,16:40:00,10.233,,,,,
1/5/2016,16:45:00,10.239,,,,,
1/5/2016,16:50:00,10.242,,,,,
1/5/2016,16:55:00,10.242,,,,,
1/5/2016,17:00:00,10.238,,,,,
1/5/2016,17:05:00,10.245,,,,,
1/5/2016,17:10:00,10.252,,,,,
1/5/2016,17:15:00,10.247,,,,,
1/5/2016,17:20:00,10.252,,,,,
1/5/2016,17:25:00,10.249,,,,,
1/5/2016,17:30:00,10.251,,,,,
1/5/2016,17:35:00,10.238,,,,,
1/5/2016,17:40:00,10.254,,,,,
1/5/2016,17:45:00,10.242,,,,,
1/5/2016,17:50:00,10.249,,,,,
1/5/2016,17:55:00,10.252,,,,,
1/5/2016,18:00:00,10.247,,,,,
1/5/2016,18:05:00,10.251,,,,,
1/5/2016,18:10:00,10.251,,,,,
1/5/2016,18:15:00,10.252,,,,,
1/5/2016,18:20:00,10.254,,,,,
1/5/2016,18:25:00,10.252,,,,,
1/5/2016,18:30:00,10.254,,,,,
1/5/2016,18:35:00,10.254,,,,,
1/5/2016,18:40:00,10.255,,,,,
1/5/2016,18:45:00,10.254,,,,,
1/5/2016,18:50:00,10.252,,,,,
1/5/2016,18:55:00,10.248,,,,,
1/5/2016,19:00:00,10.248,,,,,
1/5/2016,19:05:00,10.247,,,,,
1/5/2016,19:10:00,10.236,,,,,
1/5/2016,19:15:00,10.226,,,,,
1/5/2016,19:20:00,10.215,,,,,
1/5/2016,19:25:00,10.212,,,,,
1/5/2016,19:30:00,10.21,,,,,
1/5/2016,19:35:00,10.209,,,,,
1/5/2016,19:40:00,10.209,,,,,
1/5/2016,19:45:00,10.21,,,,,
1/5/2016,19:50:00,10.209,,,,,
1/5/2016,19:55:00,10.207,,,,,
1/5/2016,20:00:00,10.207,,,,,
1/5/2016,20:05:00,10.206,,,,,
1/5/2016,20:10:00,10.21,,,,,
1/5/2016,20:15:00,10.214,,,,,
1/5/2016,20:20:00,10.215,,,,,
1/5/2016,20:25:00,10.214,,,,,
1/5/2016,20:30:00,10.212,,,,,
1/5/2016,20:35:00,10.214,,,,,
1/5/2016,20:40:00,10.214,,,,,
1/5/2016,20:45:00,10.214,,,,,
1/5/2016,20:50:00,10.215,,,,,
1/5/2016,20:55:00,10.214,,,,,
1/5/2016,21:00:00,10.215,,,,,
1/5/2016,21:05:00,10.215,,,,,
1/5/2016,21:10:00,10.215,,,,,
1/5/2016,21:15:00,10.216,,,,,
1/5/2016,21:20:00,10.215,,,,,
1/5/2016,21:25:00,10.215,,,,,
1/5/2016,21:30:00,10.215,,,,,
1/5/2016,21:35:00,10.216,,,,,
1/5/2016,21:40:00,10.215,,,,,
1/5/2016,21:45:00,10.215,,,,,
1/5/2016,21:50:00,10.215,,,,,
1/5/2016,21:55:00,10.215,,,,,
1/5/2016,22:00:00,10.214,,,,,
1/5/2016,22:05:00,10.215,,,,,
1/5/2016,22:10:00,10.215,,,,,
1/5/2016,22:15:00,10.214,,,,,
1/5/2016,22:20:00,10.215,,,,,
1/5/2016,22:25:00,10.214,,,,,
1/5/2016,22:30:00,10.212,,,,,
1/5/2016,22:35:00,10.212,,,,,
1/5/2016,22:40:00,10.212,,,,,
1/5/2016,22:45:00,10.21,,,,,
1/5/2016,22:50:00,10.21,,,,,
1/5/2016,22:55:00,10.21,,,,,
1/5/2016,23:00:00,10.212,,,,,
1/5/2016,23:05:00,10.21,,,,,
1/5/2016,23:10:00,10.21,,,,,
1/5/2016,23:15:00,10.21,,,,,
1/5/2016,23:20:00,10.209,,,,,
1/5/2016,23:25:00,10.209,,,,,
1/5/2016,23:30:00,10.209,,,,,
1/5/2016,23:35:00,10.206,,,,,
1/5/2016,23:40:00,10.205,,,,,
1/5/2016,23:45:00,10.215,,,,,
1/5/2016,23:50:00,10.214,,,,,
1/5/2016,23:55:00,10.214,,,,,
1/6/2016,0:00:00,10.209,,,,,
1/6/2016,0:05:00,10.209,,,,,
1/6/2016,0:10:00,10.207,,,,,
1/6/2016,0:15:00,10.21,,,,,
1/6/2016,0:20:00,10.209,,,,,
1/6/2016,0:25:00,10.206,,,,,
1/6/2016,0:30:00,10.215,,,,,
1/6/2016,0:35:00,10.212,,,,,
1/6/2016,0:40:00,10.209,,,,,
1/6/2016,0:45:00,10.206,,,,,
1/6/2016,0:50:00,10.214,,,,,
1/6/2016,0:55:00,10.214,,,,,
1/6/2016,1:00:00,10.212,,,,,
1/6/2016,1:05:00,10.214,,,,,
1/6/2016,1:10:00,10.212,,,,,
1/6/2016,1:15:00,10.21,,,,,
1/6/2016,1:20:00,10.212,,,,,
1/6/2016,1:25:00,10.212,,,,,
1/6/2016,1:30:00,10.212,,,,,
1/6/2016,1:35:00,10.212,,,,,
1/6/2016,1:40:00,10.214,,,,,
1/6/2016,1:45:00,10.214,,,,,
1/6/2016,1:50:00,10.212,,,,,
1/6/2016,1:55:00,10.212,,,,,
1/6/2016,2:00:00,10.212,,,,,
1/6/2016,2:05:00,10.212,,,,,
1/6/2016,2:10:00,10.214,,,,,
1/6/2016,2:15:00,10.21,,,,,
1/6/2016,2:20:00,10.21,,,,,
1/6/2016,2:25:00,10.212,,,,,
1/6/2016,2:30:00,10.212,,,,,
1/6/2016,2:35:00,10.212,,,,,
1/6/2016,2:40:00,10.212,,,,,
1/6/2016,2:45:00,10.21,,,,,
1/6/2016,2:50:00,10.212,,,,,
1/6/2016,2:55:00,10.21,,,,,
1/6/2016,3:00:00,10.209,,,,,
1/6/2016,3:05:00,10.209,,,,,
1/6/2016,3:10:00,10.209,,,,,
1/6/2016,3:15:00,10.209,,,,,
1/6/2016,3:20:00,10.21,,,,,
1/6/2016,3:25:00,10.21,,,,,
1/6/2016,3:30:00,10.21,,,,,
1/6/2016,3:35:00,10.209,,,,,
1/6/2016,3:40:00,10.209,,,,,
1/6/2016,3:45:00,10.209,,,,,
1/6/2016,3:50:00,10.218,,,,,
1/6/2016,3:55:00,10.218,,,,,
1/6/2016,4:00:00,10.216,,,,,
1/6/2016,4:05:00,10.215,,,,,
1/6/2016,4:10:00,10.214,,,,,
1/6/2016,4:15:00,10.215,,,,,
1/6/2016,4:20:00,10.216,,,,,
1/6/2016,4:25:00,10.216,,,,,
1/6/2016,4:30:00,10.216,,,,,
1/6/2016,4:35:00,10.219,,,,,
1/6/2016,4:40:00,10.219,,,,,
1/6/2016,4:45:00,10.224,,,,,
1/6/2016,4:50:00,10.224,,,,,
1/6/2016,4:55:00,10.222,,,,,
1/6/2016,5:00:00,10.222,,,,,
1/6/2016,5:05:00,10.221,,,,,
1/6/2016,5:10:00,10.222,,,,,
1/6/2016,5:15:00,10.221,,,,,
1/6/2016,5:20:00,10.221,,,,,
1/6/2016,5:25:00,10.221,,,,,
1/6/2016,5:30:00,10.222,,,,,
1/6/2016,5:35:00,10.222,,,,,
1/6/2016,5:40:00,10.221,,,,,
1/6/2016,5:45:00,10.222,,,,,
1/6/2016,5:50:00,10.222,,,,,
1/6/2016,5:55:00,10.221,,,,,
1/6/2016,6:00:00,10.219,,,,,
1/6/2016,6:05:00,10.221,,,,,
1/6/2016,6:10:00,10.221,,,,,
1/6/2016,6:15:00,10.221,,,,,
1/6/2016,6:20:00,10.222,,,,,
1/6/2016,6:25:00,10.221,,,,,
1/6/2016,6:30:00,10.221,,,,,
1/6/2016,6:35:00,10.221,,,,,
1/6/2016,6:40:00,10.221,,,,,
1/6/2016,6:45:00,10.222,,,,,
1/6/2016,6:50:00,10.222,,,,,
1/6/2016,6:55:00,10.222,,,,,
1/6/2016,7:00:00,10.224,,,,,
1/6/2016,7:05:00,10.222,,,,,
1/6/2016,7:10:00,10.224,,,,,
1/6/2016,7:15:00,10.224,,,,,
1/6/2016,7:20:00,10.222,,,,,
1/6/2016,7:25:00,10.224,,,,,
1/6/2016,7:30:00,10.224,,,,,
1/6/2016,7:35:00,10.228,,,,,
1/6/2016,7:40:00,10.227,,,,,
1/6/2016,7:45:00,10.227,,,,,
1/6/2016,7:50:00,10.227,,,,,
1/6/2016,7:55:00,10.228,,,,,
1/6/2016,8:00:00,10.231,,,,,
1/6/2016,8:05:00,10.231,,,,,
1/6/2016,8:10:00,10.228,,,,,
1/6/2016,8:15:00,10.234,,,,,
1/6/2016,8:20:00,10.233,,,,,
1/6/2016,8:25:00,10.238,,,,,
1/6/2016,8:30:00,10.243,,,,,
1/6/2016,8:35:00,10.247,,,,,
1/6/2016,8:40:00,10.245,,,,,
1/6/2016,8:45:00,10.247,,,,,
1/6/2016,8:50:00,10.247,,,,,
1/6/2016,8:55:00,10.247,,,,,
1/6/2016,9:00:00,10.245,,,,,
1/6/2016,9:05:00,10.243,,,,,
1/6/2016,9:10:00,10.245,,,,,
1/6/2016,9:15:00,10.247,,,,,
1/6/2016,9:20:00,10.249,,,,,
1/6/2016,9:25:00,10.251,,,,,
1/6/2016,9:30:00,10.252,,,,,
1/6/2016,9:35:00,10.249,,,,,
1/6/2016,9:40:00,10.252,,,,,
1/6/2016,9:45:00,10.251,,,,,
1/6/2016,9:50:00,10.251,,,,,
1/6/2016,9:55:00,10.249,,,,,
1/6/2016,10:00:00,10.248,,,,,
1/6/2016,10:05:00,10.249,,,,,
1/6/2016,10:10:00,10.249,,,,,
1/6/2016,10:15:00,10.249,,,,,
1/6/2016,10:20:00,10.247,,,,,
1/6/2016,10:25:00,10.247,,,,,
1/6/2016,10:30:00,10.245,,,,,
1/6/2016,10:35:00,10.245,,,,,
1/6/2016,10:40:00,10.243,,,,,
1/6/2016,10:45:00,10.243,,,,,
1/6/2016,10:50:00,10.242,,,,,
1/6/2016,10:55:00,10.24,,,,,
1/6/2016,11:00:00,10.242,,,,,
1/6/2016,11:05:00,10.238,,,,,
1/6/2016,11:10:00,10.238,,,,,
1/6/2016,11:15:00,10.236,,,,,
1/6/2016,11:20:00,10.233,,,,,
1/6/2016,11:25:00,10.233,,,,,
1/6/2016,11:30:00,10.23,,,,,
1/6/2016,11:35:00,10.23,,,,,
1/6/2016,11:40:00,10.228,,,,,
1/6/2016,11:45:00,10.224,,,,,
1/6/2016,11:50:00,10.222,,,,,
1/6/2016,11:55:00,10.221,,,,,
1/6/2016,12:00:00,10.222,,,,,
1/6/2016,12:05:00,10.221,,,,,
1/6/2016,12:10:00,10.224,,,,,
1/6/2016,12:15:00,10.222,,,,,
1/6/2016,12:20:00,10.224,,,,,
1/6/2016,12:25:00,10.221,,,,,
1/6/2016,12:30:00,10.222,,,,,
1/6/2016,12:35:00,10.224,,,,,
1/6/2016,12:40:00,10.227,,,,,
1/6/2016,12:45:00,10.228,,,,,
1/6/2016,12:50:00,10.227,,,,,
1/6/2016,12:55:00,10.224,,,,,
1/6/2016,13:00:00,10.222,,,,,
1/6/2016,13:05:00,10.222,,,,,
1/6/2016,13:10:00,10.221,,,,,
1/6/2016,13:15:00,10.221,,,,,
1/6/2016,13:20:00,10.226,,,,,
1/6/2016,13:25:00,10.224,,,,,
1/6/2016,13:30:00,10.226,,,,,
1/6/2016,13:35:00,10.222,,,,,
1/6/2016,13:40:00,10.222,,,,,
1/6/2016,13:45:00,10.224,,,,,
1/6/2016,13:50:00,10.228,,,,,
1/6/2016,13:55:00,10.261,,,,,
1/6/2016,14:00:00,10.248,,,,,
1/6/2016,14:05:00,10.239,,,,,
1/6/2016,14:10:00,10.233,,,,,
1/6/2016,14:15:00,10.245,,,,,
1/6/2016,14:20:00,10.243,,,,,
1/6/2016,14:25:00,10.233,,,,,
1/6/2016,14:30:00,10.228,,,,,
1/6/2016,14:35:00,10.224,,,,,
1/6/2016,14:40:00,10.233,,,,,
1/6/2016,14:45:00,10.266,,,,,
1/6/2016,14:50:00,10.266,,,,,
1/6/2016,14:55:00,10.26,,,,,
1/6/2016,15:00:00,10.242,,,,,
1/6/2016,15:05:00,10.239,,,,,
1/6/2016,15:10:00,10.234,,,,,
1/6/2016,15:15:00,10.23,,,,,
1/6/2016,15:20:00,10.233,,,,,
1/6/2016,15:25:00,10.231,,,,,
1/6/2016,15:30:00,10.231,,,,,
1/6/2016,15:35:00,10.227,,,,,
1/6/2016,15:40:00,10.227,,,,,
1/6/2016,15:45:00,10.227,,,,,
1/6/2016,15:50:00,10.248,,,,,
1/6/2016,15:55:00,10.242,,,,,
1/6/2016,16:00:00,10.234,,,,,
1/6/2016,16:05:00,10.238,,,,,
1/6/2016,16:10:00,10.245,,,,,
1/6/2016,16:15:00,10.251,,,,,
1/6/2016,16:20:00,10.255,,,,,
1/6/2016,16:25:00,10.259,,,,,
1/6/2016,16:30:00,10.261,,,,,
1/6/2016,16:35:00,10.275,,,,,
1/6/2016,16:40:00,10.281,,,,,
1/6/2016,16:45:00,10.28,,,,,
1/6/2016,16:50:00,10.278,,,,,
1/6/2016,16:55:00,10.278,,,,,
1/6/2016,17:00:00,10.281,,,,,
1/6/2016,17:05:00,10.281,,,,,
1/6/2016,17:10:00,10.297,,,,,
1/6/2016,17:15:00,10.288,,,,,
1/6/2016,17:20:00,10.271,,,,,
1/6/2016,17:25:00,10.287,,,,,
1/6/2016,17:30:00,10.276,,,,,
1/6/2016,17:35:00,10.287,,,,,
1/6/2016,17:40:00,10.273,,,,,
1/6/2016,17:45:00,10.276,,,,,
1/6/2016,17:50:00,10.278,,,,,
1/6/2016,17:55:00,10.29,,,,,
1/6/2016,18:00:00,10.28,,,,,
1/6/2016,18:05:00,10.284,,,,,
1/6/2016,18:10:00,10.28,,,,,
1/6/2016,18:15:00,10.284,,,,,
1/6/2016,18:20:00,10.287,,,,,
1/6/2016,18:25:00,10.285,,,,,
1/6/2016,18:30:00,10.285,,,,,
1/6/2016,18:35:00,10.284,,,,,
1/6/2016,18:40:00,10.284,,,,,
1/6/2016,18:45:00,10.281,,,,,
1/6/2016,18:50:00,10.28,,,,,
1/6/2016,18:55:00,10.276,,,,,
1/6/2016,19:00:00,10.273,,,,,
1/6/2016,19:05:00,10.273,,,,,
1/6/2016,19:10:00,10.269,,,,,
1/6/2016,19:15:00,10.264,,,,,
1/6/2016,19:20:00,10.271,,,,,
1/6/2016,19:25:00,10.267,,,,,
1/6/2016,19:30:00,10.264,,,,,
1/6/2016,19:35:00,10.264,,,,,
1/6/2016,19:40:00,10.261,,,,,
1/6/2016,19:45:00,10.26,,,,,
1/6/2016,19:50:00,10.257,,,,,
1/6/2016,19:55:00,10.257,,,,,
1/6/2016,20:00:00,10.257,,,,,
1/6/2016,20:05:00,10.255,,,,,
1/6/2016,20:10:00,10.255,,,,,
1/6/2016,20:15:00,10.254,,,,,
1/6/2016,20:20:00,10.255,,,,,
1/6/2016,20:25:00,10.251,,,,,
1/6/2016,20:30:00,10.249,,,,,
1/6/2016,20:35:00,10.248,,,,,
1/6/2016,20:40:00,10.247,,,,,
1/6/2016,20:45:00,10.245,,,,,
1/6/2016,20:50:00,10.245,,,,,
1/6/2016,20:55:00,10.243,,,,,
1/6/2016,21:00:00,10.248,,,,,
1/6/2016,21:05:00,10.245,,,,,
1/6/2016,21:10:00,10.242,,,,,
1/6/2016,21:15:00,10.24,,,,,
1/6/2016,21:20:00,10.245,,,,,
1/6/2016,21:25:00,10.245,,,,,
1/6/2016,21:30:00,10.245,,,,,
1/6/2016,21:35:00,10.247,,,,,
1/6/2016,21:40:00,10.245,,,,,
1/6/2016,21:45:00,10.243,,,,,
1/6/2016,21:50:00,10.243,,,,,
1/6/2016,21:55:00,10.242,,,,,
1/6/2016,22:00:00,10.243,,,,,
1/6/2016,22:05:00,10.245,,,,,
1/6/2016,22:10:00,10.243,,,,,
1/6/2016,22:15:00,10.243,,,,,
1/6/2016,22:20:00,10.242,,,,,
1/6/2016,22:25:00,10.24,,,,,
1/6/2016,22:30:00,10.238,,,,,
1/6/2016,22:35:00,10.238,,,,,
1/6/2016,22:40:00,10.234,,,,,
1/6/2016,22:45:00,10.233,,,,,
1/6/2016,22:50:00,10.231,,,,,
1/6/2016,22:55:00,10.231,,,,,
1/6/2016,23:00:00,10.23,,,,,
1/6/2016,23:05:00,10.228,,,,,
1/6/2016,23:10:00,10.227,,,,,
1/6/2016,23:15:00,10.227,,,,,
1/6/2016,23:20:00,10.226,,,,,
1/6/2016,23:25:00,10.226,,,,,
1/6/2016,23:30:00,10.221,,,,,
1/6/2016,23:35:00,10.219,,,,,
1/6/2016,23:40:00,10.216,,,,,
1/6/2016,23:45:00,10.215,,,,,
1/6/2016,23:50:00,10.216,,,,,
1/6/2016,23:55:00,10.215,,,,,
1/7/2016,0:00:00,10.216,,,,,
1/7/2016,0:05:00,10.215,,,,,
1/7/2016,0:10:00,10.216,,,,,
1/7/2016,0:15:00,10.216,,,,,
1/7/2016,0:20:00,10.215,,,,,
1/7/2016,0:25:00,10.216,,,,,
1/7/2016,0:30:00,10.216,,,,,
1/7/2016,0:35:00,10.216,,,,,
1/7/2016,0:40:00,10.218,,,,,
1/7/2016,0:45:00,10.221,,,,,
1/7/2016,0:50:00,10.221,,,,,
1/7/2016,0:55:00,10.224,,,,,
1/7/2016,1:00:00,10.222,,,,,
1/7/2016,1:05:00,10.221,,,,,
1/7/2016,1:10:00,10.219,,,,,
1/7/2016,1:15:00,10.219,,,,,
1/7/2016,1:20:00,10.221,,,,,
1/7/2016,1:25:00,10.219,,,,,
1/7/2016,1:30:00,10.216,,,,,
1/7/2016,1:35:00,10.215,,,,,
1/7/2016,1:40:00,10.214,,,,,
1/7/2016,1:45:00,10.214,,,,,
1/7/2016,1:50:00,10.214,,,,,
1/7/2016,1:55:00,10.212,,,,,
1/7/2016,2:00:00,10.21,,,,,
1/7/2016,2:05:00,10.21,,,,,
1/7/2016,2:10:00,10.21,,,,,
1/7/2016,2:15:00,10.219,,,,,
1/7/2016,2:20:00,10.222,,,,,
1/7/2016,2:25:00,10.219,,,,,
1/7/2016,2:30:00,10.216,,,,,
1/7/2016,2:35:00,10.215,,,,,
1/7/2016,2:40:00,10.214,,,,,
1/7/2016,2:45:00,10.214,,,,,
1/7/2016,2:50:00,10.212,,,,,
1/7/2016,2:55:00,10.209,,,,,
1/7/2016,3:00:00,10.206,,,,,
1/7/2016,3:05:00,10.203,,,,,
1/7/2016,3:10:00,10.201,,,,,
1/7/2016,3:15:00,10.197,,,,,
1/7/2016,3:20:00,10.194,,,,,
1/7/2016,3:25:00,10.195,,,,,
1/7/2016,3:30:00,10.194,,,,,
1/7/2016,3:35:00,10.195,,,,,
1/7/2016,3:40:00,10.194,,,,,
1/7/2016,3:45:00,10.193,,,,,
1/7/2016,3:50:00,10.191,,,,,
1/7/2016,3:55:00,10.189,,,,,
1/7/2016,4:00:00,10.188,,,,,
1/7/2016,4:05:00,10.185,,,,,
1/7/2016,4:10:00,10.182,,,,,
1/7/2016,4:15:00,10.185,,,,,
1/7/2016,4:20:00,10.186,,,,,
1/7/2016,4:25:00,10.185,,,,,
1/7/2016,4:30:00,10.183,,,,,
1/7/2016,4:35:00,10.185,,,,,
1/7/2016,4:40:00,10.185,,,,,
1/7/2016,4:45:00,10.185,,,,,
1/7/2016,4:50:00,10.183,,,,,
1/7/2016,4:55:00,10.185,,,,,
1/7/2016,5:00:00,10.185,,,,,
1/7/2016,5:05:00,10.185,,,,,
1/7/2016,5:10:00,10.185,,,,,
1/7/2016,5:15:00,10.186,,,,,
1/7/2016,5:20:00,10.186,,,,,
1/7/2016,5:25:00,10.188,,,,,
1/7/2016,5:30:00,10.188,,,,,
1/7/2016,5:35:00,10.188,,,,,
1/7/2016,5:40:00,10.188,,,,,
1/7/2016,5:45:00,10.188,,,,,
1/7/2016,5:50:00,10.188,,,,,
1/7/2016,5:55:00,10.188,,,,,
1/7/2016,6:00:00,10.186,,,,,
1/7/2016,6:05:00,10.186,,,,,
1/7/2016,6:10:00,10.185,,,,,
1/7/2016,6:15:00,10.186,,,,,
1/7/2016,6:20:00,10.188,,,,,
1/7/2016,6:25:00,10.186,,,,,
1/7/2016,6:30:00,10.183,,,,,
1/7/2016,6:35:00,10.182,,,,,
1/7/2016,6:40:00,10.189,,,,,
1/7/2016,6:45:00,10.186,,,,,
1/7/2016,6:50:00,10.185,,,,,
1/7/2016,6:55:00,10.188,,,,,
1/7/2016,7:00:00,10.183,,,,,
1/7/2016,7:05:00,10.186,,,,,
1/7/2016,7:10:00,10.189,,,,,
1/7/2016,7:15:00,10.26,,,,,
1/7/2016,7:20:00,10.254,,,,,
1/7/2016,7:25:00,10.251,,,,,
1/7/2016,7:30:00,10.249,,,,,
1/7/2016,7:35:00,10.247,,,,,
1/7/2016,7:40:00,10.243,,,,,
1/7/2016,7:45:00,10.238,,,,,
1/7/2016,7:50:00,10.236,,,,,
1/7/2016,7:55:00,10.231,,,,,
1/7/2016,8:00:00,10.227,,,,,
1/7/2016,8:05:00,10.26,,,,,
1/7/2016,8:10:00,10.26,,,,,
1/7/2016,8:15:00,10.259,,,,,
1/7/2016,8:20:00,10.259,,,,,
1/7/2016,8:25:00,10.257,,,,,
1/7/2016,8:30:00,10.255,,,,,
1/7/2016,8:35:00,10.254,,,,,
1/7/2016,8:40:00,10.252,,,,,
1/7/2016,8:45:00,10.251,,,,,
1/7/2016,8:50:00,10.245,,,,,
1/7/2016,8:55:00,10.247,,,,,
1/7/2016,9:00:00,10.245,,,,,
1/7/2016,9:05:00,10.245,,,,,
1/7/2016,9:10:00,10.243,,,,,
1/7/2016,9:15:00,10.24,,,,,
1/7/2016,9:20:00,10.242,,,,,
1/7/2016,9:25:00,10.242,,,,,
1/7/2016,9:30:00,10.245,,,,,
1/7/2016,9:35:00,10.242,,,,,
1/7/2016,9:40:00,10.24,,,,,
1/7/2016,9:45:00,10.238,,,,,
1/7/2016,9:50:00,10.236,,,,,
1/7/2016,9:55:00,10.236,,,,,
1/7/2016,10:00:00,10.234,,,,,
1/7/2016,10:05:00,10.234,,,,,
1/7/2016,10:10:00,10.23,,,,,
1/7/2016,10:15:00,10.23,,,,,
1/7/2016,10:20:00,10.228,,,,,
1/7/2016,10:25:00,10.227,,,,,
1/7/2016,10:30:00,10.226,,,,,
1/7/2016,10:35:00,10.23,,,,,
1/7/2016,10:40:00,10.23,,,,,
1/7/2016,10:45:00,10.234,,,,,
1/7/2016,10:50:00,10.233,,,,,
1/7/2016,10:55:00,10.231,,,,,
1/7/2016,11:00:00,10.231,,,,,
1/7/2016,11:05:00,10.23,,,,,
1/7/2016,11:10:00,10.228,,,,,
1/7/2016,11:15:00,10.231,,,,,
1/7/2016,11:20:00,10.269,,,,,
1/7/2016,11:25:00,10.261,,,,,
1/7/2016,11:30:00,10.259,,,,,
1/7/2016,11:35:00,10.257,,,,,
1/7/2016,11:40:00,10.254,,,,,
1/7/2016,11:45:00,10.252,,,,,
1/7/2016,11:50:00,10.248,,,,,
1/7/2016,11:55:00,10.247,,,,,
1/7/2016,12:00:00,10.264,,,,,
1/7/2016,12:05:00,10.257,,,,,
1/7/2016,12:10:00,10.269,,,,,
1/7/2016,12:15:00,10.233,,,,,
1/7/2016,12:20:00,10.216,,,,,
1/7/2016,12:25:00,10.259,,,,,
1/7/2016,12:30:00,10.251,,,,,
1/7/2016,12:35:00,10.243,,,,,
1/7/2016,12:40:00,10.263,,,,,
1/7/2016,12:45:00,10.269,,,,,
1/7/2016,12:50:00,10.264,,,,,
1/7/2016,12:55:00,10.264,,,,,
1/7/2016,13:00:00,10.261,,,,,
1/7/2016,13:05:00,10.266,,,,,
1/7/2016,13:10:00,10.264,,,,,
1/7/2016,13:15:00,10.264,,,,,
1/7/2016,13:20:00,10.261,,,,,
1/7/2016,13:25:00,10.26,,,,,
1/7/2016,13:30:00,10.26,,,,,
1/7/2016,13:35:00,10.259,,,,,
1/7/2016,13:40:00,10.259,,,,,
1/7/2016,13:45:00,10.255,,,,,
1/7/2016,13:50:00,10.254,,,,,
1/7/2016,13:55:00,10.247,,,,,
1/7/2016,14:00:00,10.233,,,,,
1/7/2016,14:05:00,10.226,,,,,
1/7/2016,14:10:00,10.222,,,,,
1/7/2016,14:15:00,10.218,,,,,
1/7/2016,14:20:00,10.218,,,,,
1/7/2016,14:25:00,10.219,,,,,
1/7/2016,14:30:00,10.218,,,,,
1/7/2016,14:35:00,10.216,,,,,
1/7/2016,14:40:00,10.216,,,,,
1/7/2016,14:45:00,10.215,,,,,
1/7/2016,14:50:00,10.214,,,,,
1/7/2016,14:55:00,10.214,,,,,
1/7/2016,15:00:00,10.215,,,,,
1/7/2016,15:05:00,10.259,,,,,
1/7/2016,15:10:00,10.247,,,,,
1/7/2016,15:15:00,10.242,,,,,
1/7/2016,15:20:00,10.24,,,,,
1/7/2016,15:25:00,10.239,,,,,
1/7/2016,15:30:00,10.236,,,,,
1/7/2016,15:35:00,10.234,,,,,
1/7/2016,15:40:00,10.231,,,,,
1/7/2016,15:45:00,10.23,,,,,
1/7/2016,15:50:00,10.228,,,,,
1/7/2016,15:55:00,10.227,,,,,
1/7/2016,16:00:00,10.227,,,,,
1/7/2016,16:05:00,10.226,,,,,
1/7/2016,16:10:00,10.224,,,,,
1/7/2016,16:15:00,10.222,,,,,
1/7/2016,16:20:00,10.219,,,,,
1/7/2016,16:25:00,10.219,,,,,
1/7/2016,16:30:00,10.221,,,,,
1/7/2016,16:35:00,10.219,,,,,
1/7/2016,16:40:00,10.218,,,,,
1/7/2016,16:45:00,10.216,,,,,
1/7/2016,16:50:00,10.216,,,,,
1/7/2016,16:55:00,10.215,,,,,
1/7/2016,17:00:00,10.212,,,,,
1/7/2016,17:05:00,10.209,,,,,
1/7/2016,17:10:00,10.209,,,,,
1/7/2016,17:15:00,10.21,,,,,
1/7/2016,17:20:00,10.206,,,,,
1/7/2016,17:25:00,10.206,,,,,
1/7/2016,17:30:00,10.207,,,,,
1/7/2016,17:35:00,10.206,,,,,
1/7/2016,17:40:00,10.206,,,,,
1/7/2016,17:45:00,10.206,,,,,
1/7/2016,17:50:00,10.205,,,,,
1/7/2016,17:55:00,10.206,,,,,
1/7/2016,18:00:00,10.206,,,,,
1/7/2016,18:05:00,10.206,,,,,
1/7/2016,18:10:00,10.203,,,,,
1/7/2016,18:15:00,10.205,,,,,
1/7/2016,18:20:00,10.205,,,,,
1/7/2016,18:25:00,10.205,,,,,
1/7/2016,18:30:00,10.205,,,,,
1/7/2016,18:35:00,10.205,,,,,
1/7/2016,18:40:00,10.205,,,,,
1/7/2016,18:45:00,10.205,,,,,
1/7/2016,18:50:00,10.205,,,,,
1/7/2016,18:55:00,10.203,,,,,
1/7/2016,19:00:00,10.205,,,,,
1/7/2016,19:05:00,10.205,,,,,
1/7/2016,19:10:00,10.205,,,,,
1/7/2016,19:15:00,10.201,,,,,
1/7/2016,19:20:00,10.201,,,,,
1/7/2016,19:25:00,10.201,,,,,
1/7/2016,19:30:00,10.2,,,,,
1/7/2016,19:35:00,10.2,,,,,
1/7/2016,19:40:00,10.2,,,,,
1/7/2016,19:45:00,10.2,,,,,
1/7/2016,19:50:00,10.198,,,,,
1/7/2016,19:55:00,10.206,,,,,
1/7/2016,20:00:00,10.205,,,,,
1/7/2016,20:05:00,10.203,,,,,
1/7/2016,20:10:00,10.201,,,,,
1/7/2016,20:15:00,10.2,,,,,
1/7/2016,20:20:00,10.206,,,,,
1/7/2016,20:25:00,10.207,,,,,
1/7/2016,20:30:00,10.207,,,,,
1/7/2016,20:35:00,10.207,,,,,
1/7/2016,20:40:00,10.206,,,,,
1/7/2016,20:45:00,10.209,,,,,
1/7/2016,20:50:00,10.267,,,,,
1/7/2016,20:55:00,10.263,,,,,
1/7/2016,21:00:00,10.272,,,,,
1/7/2016,21:05:00,10.271,,,,,
1/7/2016,21:10:00,10.271,,,,,
1/7/2016,21:15:00,10.269,,,,,
1/7/2016,21:20:00,10.263,,,,,
1/7/2016,21:25:00,10.263,,,,,
1/7/2016,21:30:00,10.266,,,,,
1/7/2016,21:35:00,10.272,,,,,
1/7/2016,21:40:00,10.271,,,,,
1/7/2016,21:45:00,10.267,,,,,
1/7/2016,21:50:00,10.266,,,,,
1/7/2016,21:55:00,10.266,,,,,
1/7/2016,22:00:00,10.264,,,,,
1/7/2016,22:05:00,10.26,,,,,
1/7/2016,22:10:00,10.26,,,,,
1/7/2016,22:15:00,10.269,,,,,
1/7/2016,22:20:00,10.271,,,,,
1/7/2016,22:25:00,10.267,,,,,
1/7/2016,22:30:00,10.269,,,,,
1/7/2016,22:35:00,10.273,,,,,
1/7/2016,22:40:00,10.275,,,,,
1/7/2016,22:45:00,10.281,,,,,
1/7/2016,22:50:00,10.281,,,,,
1/7/2016,22:55:00,10.28,,,,,
1/7/2016,23:00:00,10.281,,,,,
1/7/2016,23:05:00,10.281,,,,,
1/7/2016,23:10:00,10.28,,,,,
1/7/2016,23:15:00,10.282,,,,,
1/7/2016,23:20:00,10.282,,,,,
1/7/2016,23:25:00,10.282,,,,,
1/7/2016,23:30:00,10.278,,,,,
1/7/2016,23:35:00,10.275,,,,,
1/7/2016,23:40:00,10.28,,,,,
1/7/2016,23:45:00,10.278,,,,,
1/7/2016,23:50:00,10.276,,,,,
1/7/2016,23:55:00,10.276,,,,,
1/8/2016,0:00:00,10.271,,,,,
1/8/2016,0:05:00,10.272,,,,,
1/8/2016,0:10:00,10.271,,,,,
1/8/2016,0:15:00,10.266,,,,,
1/8/2016,0:20:00,10.263,,,,,
1/8/2016,0:25:00,10.26,,,,,
1/8/2016,0:30:00,10.257,,,,,
1/8/2016,0:35:00,10.255,,,,,
1/8/2016,0:40:00,10.252,,,,,
1/8/2016,0:45:00,10.249,,,,,
1/8/2016,0:50:00,10.247,,,,,
1/8/2016,0:55:00,10.247,,,,,
1/8/2016,1:00:00,10.26,,,,,
1/8/2016,1:05:00,10.259,,,,,
1/8/2016,1:10:00,10.257,,,,,
1/8/2016,1:15:00,10.254,,,,,
1/8/2016,1:20:00,10.254,,,,,
1/8/2016,1:25:00,10.254,,,,,
1/8/2016,1:30:00,10.249,,,,,
1/8/2016,1:35:00,10.251,,,,,
1/8/2016,1:40:00,10.249,,,,,
1/8/2016,1:45:00,10.251,,,,,
1/8/2016,1:50:00,10.252,,,,,
1/8/2016,1:55:00,10.249,,,,,
1/8/2016,2:00:00,10.248,,,,,
1/8/2016,2:05:00,10.247,,,,,
1/8/2016,2:10:00,10.245,,,,,
1/8/2016,2:15:00,10.242,,,,,
1/8/2016,2:20:00,10.24,,,,,
1/8/2016,2:25:00,10.24,,,,,
1/8/2016,2:30:00,10.238,,,,,
1/8/2016,2:35:00,10.239,,,,,
1/8/2016,2:40:00,10.236,,,,,
1/8/2016,2:45:00,10.234,,,,,
1/8/2016,2:50:00,10.231,,,,,
1/8/2016,2:55:00,10.231,,,,,
1/8/2016,3:00:00,10.23,,,,,
1/8/2016,3:05:00,10.227,,,,,
1/8/2016,3:10:00,10.226,,,,,
1/8/2016,3:15:00,10.226,,,,,
1/8/2016,3:20:00,10.224,,,,,
1/8/2016,3:25:00,10.226,,,,,
1/8/2016,3:30:00,10.23,,,,,
1/8/2016,3:35:00,10.231,,,,,
1/8/2016,3:40:00,10.23,,,,,
1/8/2016,3:45:00,10.23,,,,,
1/8/2016,3:50:00,10.228,,,,,
1/8/2016,3:55:00,10.228,,,,,
1/8/2016,4:00:00,10.227,,,,,
1/8/2016,4:05:00,10.227,,,,,
1/8/2016,4:10:00,10.227,,,,,
1/8/2016,4:15:00,10.231,,,,,
1/8/2016,4:20:00,10.23,,,,,
1/8/2016,4:25:00,10.231,,,,,
1/8/2016,4:30:00,10.231,,,,,
1/8/2016,4:35:00,10.231,,,,,
1/8/2016,4:40:00,10.231,,,,,
1/8/2016,4:45:00,10.231,,,,,
1/8/2016,4:50:00,10.23,,,,,
1/8/2016,4:55:00,10.231,,,,,
1/8/2016,5:00:00,10.23,,,,,
1/8/2016,5:05:00,10.23,,,,,
1/8/2016,5:10:00,10.227,,,,,
1/8/2016,5:15:00,10.227,,,,,
1/8/2016,5:20:00,10.226,,,,,
1/8/2016,5:25:00,10.227,,,,,
1/8/2016,5:30:00,10.227,,,,,
1/8/2016,5:35:00,10.227,,,,,
1/8/2016,5:40:00,10.227,,,,,
1/8/2016,5:45:00,10.228,,,,,
1/8/2016,5:50:00,10.231,,,,,
1/8/2016,5:55:00,10.231,,,,,
1/8/2016,6:00:00,10.233,,,,,
1/8/2016,6:05:00,10.233,,,,,
1/8/2016,6:10:00,10.231,,,,,
1/8/2016,6:15:00,10.233,,,,,
1/8/2016,6:20:00,10.233,,,,,
1/8/2016,6:25:00,10.234,,,,,
1/8/2016,6:30:00,10.234,,,,,
1/8/2016,6:35:00,10.234,,,,,
1/8/2016,6:40:00,10.236,,,,,
1/8/2016,6:45:00,10.234,,,,,
1/8/2016,6:50:00,10.234,,,,,
1/8/2016,6:55:00,10.234,,,,,
1/8/2016,7:00:00,10.234,,,,,
1/8/2016,7:05:00,10.234,,,,,
1/8/2016,7:10:00,10.236,,,,,
1/8/2016,7:15:00,10.234,,,,,
1/8/2016,7:20:00,10.234,,,,,
1/8/2016,7:25:00,10.234,,,,,
1/8/2016,7:30:00,10.234,,,,,
1/8/2016,7:35:00,10.234,,,,,
1/8/2016,7:40:00,10.234,,,,,
1/8/2016,7:45:00,10.236,,,,,
1/8/2016,7:50:00,10.238,,,,,
1/8/2016,7:55:00,10.238,,,,,
1/8/2016,8:00:00,10.238,,,,,
1/8/2016,8:05:00,10.239,,,,,
1/8/2016,8:10:00,10.238,,,,,
1/8/2016,8:15:00,10.242,,,,,
1/8/2016,8:20:00,10.243,,,,,
1/8/2016,8:25:00,10.243,,,,,
1/8/2016,8:30:00,10.245,,,,,
1/8/2016,8:35:00,10.245,,,,,
1/8/2016,8:40:00,10.248,,,,,
1/8/2016,8:45:00,10.248,,,,,
1/8/2016,8:50:00,10.249,,,,,
1/8/2016,8:55:00,10.249,,,,,
1/8/2016,9:00:00,10.251,,,,,
1/8/2016,9:05:00,10.252,,,,,
1/8/2016,9:10:00,10.252,,,,,
1/8/2016,9:15:00,10.257,,,,,
1/8/2016,9:20:00,10.251,,,,,
1/8/2016,9:25:00,10.257,,,,,
1/8/2016,9:30:00,10.251,,,,,
1/8/2016,9:35:00,10.252,,,,,
1/8/2016,9:40:00,10.249,,,,,
1/8/2016,9:45:00,10.252,,,,,
1/8/2016,9:50:00,10.252,,,,,
1/8/2016,9:55:00,10.252,,,,,
1/8/2016,10:00:00,10.251,,,,,
1/8/2016,10:05:00,10.251,,,,,
1/8/2016,10:10:00,10.248,,,,,
1/8/2016,10:15:00,10.245,,,,,
1/8/2016,10:20:00,10.245,,,,,
1/8/2016,10:25:00,10.243,,,,,
1/8/2016,10:30:00,10.238,,,,,
1/8/2016,10:35:00,10.247,,,,,
1/8/2016,10:40:00,10.243,,,,,
1/8/2016,10:45:00,10.245,,,,,
1/8/2016,10:50:00,10.247,,,,,
1/8/2016,10:55:00,10.247,,,,,
1/8/2016,11:00:00,10.245,,,,,
1/8/2016,11:05:00,10.247,,,,,
1/8/2016,11:10:00,10.245,,,,,
1/8/2016,11:15:00,10.242,,,,,
1/8/2016,11:20:00,10.242,,,,,
1/8/2016,11:25:00,10.242,,,,,
1/8/2016,11:30:00,10.24,,,,,
1/8/2016,11:35:00,10.239,,,,,
1/8/2016,11:40:00,10.238,,,,,
1/8/2016,11:45:00,10.238,,,,,
1/8/2016,11:50:00,10.234,,,,,
1/8/2016,11:55:00,10.233,,,,,
1/8/2016,12:00:00,10.231,,,,,
1/8/2016,12:05:00,10.231,,,,,
1/8/2016,12:10:00,10.23,,,,,
1/8/2016,12:15:00,10.23,,,,,
1/8/2016,12:20:00,10.231,,,,,
1/8/2016,12:25:00,10.23,,,,,
1/8/2016,12:30:00,10.23,,,,,
1/8/2016,12:35:00,10.228,,,,,
1/8/2016,12:40:00,10.228,,,,,
1/8/2016,12:45:00,10.227,,,,,
1/8/2016,12:50:00,10.227,,,,,
1/8/2016,12:55:00,10.227,,,,,
1/8/2016,13:00:00,10.227,,,,,
1/8/2016,13:05:00,10.226,,,,,
1/8/2016,13:10:00,10.227,,,,,
1/8/2016,13:15:00,10.226,,,,,
1/8/2016,13:20:00,10.224,,,,,
1/8/2016,13:25:00,10.224,,,,,
1/8/2016,13:30:00,10.222,,,,,
1/8/2016,13:35:00,10.224,,,,,
1/8/2016,13:40:00,10.226,,,,,
1/8/2016,13:45:00,10.224,,,,,
1/8/2016,13:50:00,10.226,,,,,
1/8/2016,13:55:00,10.224,,,,,
1/8/2016,14:00:00,10.224,,,,,
1/8/2016,14:05:00,10.224,,,,,
1/8/2016,14:10:00,10.222,,,,,
1/8/2016,14:15:00,10.222,,,,,
1/8/2016,14:20:00,10.224,,,,,
1/8/2016,14:25:00,10.224,,,,,
1/8/2016,14:30:00,10.224,,,,,
1/8/2016,14:35:00,10.224,,,,,
1/8/2016,14:40:00,10.226,,,,,
1/8/2016,14:45:00,10.226,,,,,
1/8/2016,14:50:00,10.226,,,,,
1/8/2016,14:55:00,10.227,,,,,
1/8/2016,15:00:00,10.227,,,,,
1/8/2016,15:05:00,10.227,,,,,
1/8/2016,15:10:00,10.228,,,,,
1/8/2016,15:15:00,10.23,,,,,
1/8/2016,15:20:00,10.228,,,,,
1/8/2016,15:25:00,10.23,,,,,
1/8/2016,15:30:00,10.23,,,,,
1/8/2016,15:35:00,10.23,,,,,
1/8/2016,15:40:00,10.231,,,,,
1/8/2016,15:45:00,10.231,,,,,
1/8/2016,15:50:00,10.231,,,,,
1/8/2016,15:55:00,10.234,,,,,
1/8/2016,16:00:00,10.233,,,,,
1/8/2016,16:05:00,10.233,,,,,
1/8/2016,16:10:00,10.233,,,,,
1/8/2016,16:15:00,10.231,,,,,
1/8/2016,16:20:00,10.231,,,,,
1/8/2016,16:25:00,10.231,,,,,
1/8/2016,16:30:00,10.231,,,,,
1/8/2016,16:35:00,10.233,,,,,
1/8/2016,16:40:00,10.231,,,,,
1/8/2016,16:45:00,10.231,,,,,
1/8/2016,16:50:00,10.231,,,,,
1/8/2016,16:55:00,10.231,,,,,
1/8/2016,17:00:00,10.233,,,,,
1/8/2016,17:05:00,10.233,,,,,
1/8/2016,17:10:00,10.233,,,,,
1/8/2016,17:15:00,10.234,,,,,
1/8/2016,17:20:00,10.234,,,,,
1/8/2016,17:25:00,10.234,,,,,
1/8/2016,17:30:00,10.236,,,,,
1/8/2016,17:35:00,10.236,,,,,
1/8/2016,17:40:00,10.236,,,,,
1/8/2016,17:45:00,10.236,,,,,
1/8/2016,17:50:00,10.236,,,,,
1/8/2016,17:55:00,10.236,,,,,
1/8/2016,18:00:00,10.236,,,,,
1/8/2016,18:05:00,10.236,,,,,
1/8/2016,18:10:00,10.234,,,,,
1/8/2016,18:15:00,10.234,,,,,
1/8/2016,18:20:00,10.236,,,,,
1/8/2016,18:25:00,10.236,,,,,
1/8/2016,18:30:00,10.238,,,,,
1/8/2016,18:35:00,10.24,,,,,
1/8/2016,18:40:00,10.239,,,,,
1/8/2016,18:45:00,10.239,,,,,
1/8/2016,18:50:00,10.24,,,,,
1/8/2016,18:55:00,10.242,,,,,
1/8/2016,19:00:00,10.24,,,,,
1/8/2016,19:05:00,10.242,,,,,
1/8/2016,19:10:00,10.242,,,,,
1/8/2016,19:15:00,10.242,,,,,
1/8/2016,19:20:00,10.243,,,,,
1/8/2016,19:25:00,10.242,,,,,
1/8/2016,19:30:00,10.242,,,,,
1/8/2016,19:35:00,10.243,,,,,
1/8/2016,19:40:00,10.243,,,,,
1/8/2016,19:45:00,10.243,,,,,
1/8/2016,19:50:00,10.245,,,,,
1/8/2016,19:55:00,10.245,,,,,
1/8/2016,20:00:00,10.243,,,,,
1/8/2016,20:05:00,10.243,,,,,
1/8/2016,20:10:00,10.243,,,,,
1/8/2016,20:15:00,10.243,,,,,
1/8/2016,20:20:00,10.243,,,,,
1/8/2016,20:25:00,10.243,,,,,
1/8/2016,20:30:00,10.245,,,,,
1/8/2016,20:35:00,10.243,,,,,
1/8/2016,20:40:00,10.245,,,,,
1/8/2016,20:45:00,10.243,,,,,
1/8/2016,20:50:00,10.243,,,,,
1/8/2016,20:55:00,10.245,,,,,
1/8/2016,21:00:00,10.245,,,,,
1/8/2016,21:05:00,10.247,,,,,
1/8/2016,21:10:00,10.247,,,,,
1/8/2016,21:15:00,10.248,,,,,
1/8/2016,21:20:00,10.248,,,,,
1/8/2016,21:25:00,10.249,,,,,
1/8/2016,21:30:00,10.248,,,,,
1/8/2016,21:35:00,10.248,,,,,
1/8/2016,21:40:00,10.248,,,,,
1/8/2016,21:45:00,10.249,,,,,
1/8/2016,21:50:00,10.251,,,,,
1/8/2016,21:55:00,10.249,,,,,
1/8/2016,22:00:00,10.249,,,,,
1/8/2016,22:05:00,10.249,,,,,
1/8/2016,22:10:00,10.251,,,,,
1/8/2016,22:15:00,10.248,,,,,
1/8/2016,22:20:00,10.249,,,,,
1/8/2016,22:25:00,10.251,,,,,
1/8/2016,22:30:00,10.249,,,,,
1/8/2016,22:35:00,10.251,,,,,
1/8/2016,22:40:00,10.252,,,,,
1/8/2016,22:45:00,10.249,,,,,
1/8/2016,22:50:00,10.249,,,,,
1/8/2016,22:55:00,10.249,,,,,
1/8/2016,23:00:00,10.249,,,,,
1/8/2016,23:05:00,10.249,,,,,
1/8/2016,23:10:00,10.249,,,,,
1/8/2016,23:15:00,10.251,,,,,
1/8/2016,23:20:00,10.251,,,,,
1/8/2016,23:25:00,10.251,,,,,
1/8/2016,23:30:00,10.251,,,,,
1/8/2016,23:35:00,10.251,,,,,
1/8/2016,23:40:00,10.251,,,,,
1/8/2016,23:45:00,10.251,,,,,
1/8/2016,23:50:00,10.252,,,,,
1/8/2016,23:55:00,10.254,,,,,
,,,,,,,
,,,,,,,
,,,,,,,
,,,,,,,
,,,,,,,
,,,,,,,
,,,,,,,
,,,,,,,
,,,,,,,
,,,,,,,
,,,,,,,
,,,,,,,
,,,,,,,
,,,,,,,
,,,,,,,
,,,,,,,
,,,,,,,
,,,,,,,
,,,,,,,
,,,,,,,
,,,,,,,
,,,,,,,
,,,,,,,
,,,,,,,
,,,,,,,
,,,,,,,
,,,,,,,
,,,,,,,
,,,,,,,
,,,,,,,
,,,,,,,
,,,,,,,
,,,,,,,
,,,,,,,
,,,,,,,
,,,,,,,
,,,,,,,
,,,,,,,
,,,,,,,
,,,,,,,
,,,,,,,
,,,,,,,
,,,,,,,
,,,,,,,
,,,,,,,
,,,,,,,
,,,,,,,
,,,,,,,
,,,,,,,
,,,,,,,
,,,,,,,
,,,,,,,
,,,,,,,
,,,,,,,
,,,,,,,
,,,,,,,
,,,,,,,
,,,,,,,
,,,,,,,
,,,,,,,
,,,,,,,
,,,,,,,
,,,,,,,
,,,,,,,
,,,,,,,
,,,,,,,
,,,,,,,
,,,,,,,
,,,,,,,
,,,,,,,
,,,,,,,
,,,,,,,
,,,,,,,
,,,,,,,
,,,,,,,
,,,,,,,
,,,,,,,
,,,,,,,
,,,,,,,
,,,,,,,
,,,,,,,
,,,,,,,
,,,,,,,
,,,,,,,
,,,,,,,
,,,,,,,
,,,,,,,
,,,,,,,
,,,,,,,
,,,,,,,
,,,,,,,
,,,,,,,
,,,,,,,
,,,,,,,
,,,,,,,
,,,,,,,
,,,,,,,
,,,,,,,
,,,,,,,
,,,,,,,
,,,,,,,
,,,,,,,
,,,,,,,
,,,,,,,
,,,,,,,
,,,,,,,
,,,,,,,
,,,,,,,
,,,,,,,
,,,,,,,
,,,,,,,
,,,,,,,
,,,,,,,
,,,,,,,
,,,,,,,
,,,,,,,
,,,,,,,
,,,,,,,
,,,,,,,
,,,,,,,
,,,,,,,
,,,,,,,
,,,,,,,
,,,,,,,
,,,,,,,
,,,,,,,
,,,,,,,
,,,,,,,
,,,,,,,
,,,,,,,
,,,,,,,
,,,,,,,
,,,,,,,
,,,,,,,
,,,,,,,
,,,,,,,
,,,,,,,
,,,,,,,
,,,,,,,
,,,,,,,
,,,,,,,
,,,,,,,
,,,,,,,
,,,,,,,
,,,,,,,
,,,,,,,
,,,,,,,
,,,,,,,
,,,,,,,
,,,,,,,
,,,,,,,
,,,,,,,
,,,,,,,
,,,,,,,
,,,,,,,
,,,,,,,
,,,,,,,
,,,,,,,
,,,,,,,
,,,,,,,
,,,,,,,
,,,,,,,
,,,,,,,
,,,,,,,
,,,,,,,
,,,,,,,
,,,,,,,
,,,,,,,
,,,,,,,
,,,,,,,
,,,,,,,
,,,,,,,
,,,,,,,
,,,,,,,
,,,,,,,
,,,,,,,
,,,,,,,
,,,,,,,
,,,,,,,
,,,,,,,
,,,,,,,
,,,,,,,
,,,,,,,
,,,,,,,
,,,,,,,
,,,,,,,
,,,,,,,
,,,,,,,
,,,,,,,
,,,,,,,
,,,,,,,
,,,,,,,
,,,,,,,
,,,,,,,
,,,,,,,
,,,,,,,
,,,,,,,
,,,,,,,
,,,,,,,
,,,,,,,
,,,,,,,
,,,,,,,
,,,,,,,
,,,,,,,
,,,,,,,
,,,,,,,
,,,,,,,
,,,,,,,
,,,,,,,
,,,,,,,
,,,,,,,
,,,,,,,
,,,,,,,
,,,,,,,
,,,,,,,
,,,,,,,
,,,,,,,
,,,,,,,
,,,,,,,
,,,,,,,
,,,,,,,
,,,,,,,
,,,,,,,
,,,,,,,
,,,,,,,
,,,,,,,
,,,,,,,
,,,,,,,
,,,,,,,
,,,,,,,
,,,,,,,
,,,,,,,
,,,,,,,
,,,,,,,
,,,,,,,
,,,,,,,
,,,,,,,
,,,,,,,
,,,,,,,
,,,,,,,
,,,,,,,
,,,,,,,
,,,,,,,
,,,,,,,
,,,,,,,
,,,,,,,
,,,,,,,
,,,,,,,
,,,,,,,
,,,,,,,
,,,,,,,
,,,,,,,
,,,,,,,
,,,,,,,
,,,,,,,
,,,,,,,
,,,,,,,
,,,,,,,
,,,,,,,
,,,,,,,
,,,,,,,
,,,,,,,
,,,,,,,
,,,,,,,
,,,,,,,
,,,,,,,
,,,,,,,
,,,,,,,
,,,,,,,
,,,,,,,
,,,,,,,
,,,,,,,
,,,,,,,
,,,,,,,
,,,,,,,
,,,,,,,
,,,,,,,
,,,,,,,
,,,,,,,
,,,,,,,
,,,,,,,
,,,,,,,
,,,,,,,
,,,,,,,
,,,,,,,
,,,,,,,
,,,,,,,
,,,,,,,
,,,,,,,
,,,,,,,
,,,,,,,
,,,,,,,
,,,,,,,
,,,,,,,
,,,,,,,
,,,,,,,
,,,,,,,
,,,,,,,
,,,,,,,
,,,,,,,
,,,,,,,
,,,,,,,
,,,,,,,
,,,,,,,
,,,,,,,
,,,,,,,
,,,,,,,
,,,,,,,
,,,,,,,
,,,,,,,
,,,,,,,
,,,,,,,
,,,,,,,
,,,,,,,
,,,,,,,
,,,,,,,
,,,,,,,
,,,,,,,
,,,,,,,
,,,,,,,
,,,,,,,
,,,,,,,
,,,,,,,
,,,,,,,
,,,,,,,
,,,,,,,
,,,,,,,
,,,,,,,
,,,,,,,
,,,,,,,
,,,,,,,
,,,,,,,
,,,,,,,
,,,,,,,
,,,,,,,
,,,,,,,
,,,,,,,
,,,,,,,
,,,,,,,
,,,,,,,
,,,,,,,
,,,,,,,
,,,,,,,
,,,,,,,
,,,,,,,
,,,,,,,
,,,,,,,
,,,,,,,
,,,,,,,
,,,,,,,
,,,,,,,
,,,,,,,
,,,,,,,
,,,,,,,
,,,,,,,
,,,,,,,
,,,,,,,
,,,,,,,
,,,,,,,
,,,,,,,
,,,,,,,
,,,,,,,
,,,,,,,
,,,,,,,
,,,,,,,
,,,,,,,
,,,,,,,
,,,,,,,
,,,,,,,
,,,,,,,
,,,,,,,
,,,,,,,
,,,,,,,
,,,,,,,
,,,,,,,
,,,,,,,
,,,,,,,
,,,,,,,
,,,,,,,
,,,,,,,
,,,,,,,
,,,,,,,
,,,,,,,
,,,,,,,
,,,,,,,
,,,,,,,
,,,,,,,
,,,,,,,
,,,,,,,
,,,,,,,
,,,,,,,
,,,,,,,
,,,,,,,
,,,,,,,
,,,,,,,
,,,,,,,
,,,,,,,
,,,,,,,
,,,,,,,
,,,,,,,
,,,,,,,
,,,,,,,
,,,,,,,
,,,,,,,
,,,,,,,
,,,,,,,
,,,,,,,
,,,,,,,
,,,,,,,
,,,,,,,
,,,,,,,
,,,,,,,
,,,,,,,
,,,,,,,
,,,,,,,
,,,,,,,
,,,,,,,
,,,,,,,
,,,,,,,
,,,,,,,
,,,,,,,
,,,,,,,
,,,,,,,
,,,,,,,
,,,,,,,
,,,,,,,
,,,,,,,
,,,,,,,
,,,,,,,
,,,,,,,
,,,,,,,
,,,,,,,
,,,,,,,
,,,,,,,
,,,,,,,
,,,,,,,
,,,,,,,
,,,,,,,
,,,,,,,
,,,,,,,
,,,,,,,
,,,,,,,
,,,,,,,
,,,,,,,
,,,,,,,
,,,,,,,
,,,,,,,
,,,,,,,
,,,,,,,
,,,,,,,
,,,,,,,
,,,,,,,
,,,,,,,
,,,,,,,
,,,,,,,
,,,,,,,
,,,,,,,
,,,,,,,
,,,,,,,
,,,,,,,
,,,,,,,
,,,,,,,
,,,,,,,
,,,,,,,
,,,,,,,
,,,,,,,
,,,,,,,
,,,,,,,
,,,,,,,
,,,,,,,
,,,,,,,
,,,,,,,
,,,,,,,
,,,,,,,
,,,,,,,
,,,,,,,
,,,,,,,
,,,,,,,
,,,,,,,
,,,,,,,
,,,,,,,
,,,,,,,
,,,,,,,
,,,,,,,
,,,,,,,
,,,,,,,
,,,,,,,
,,,,,,,
,,,,,,,
,,,,,,,
,,,,,,,
,,,,,,,
,,,,,,,
,,,,,,,
,,,,,,,
,,,,,,,
,,,,,,,
,,,,,,,
,,,,,,,
,,,,,,,
,,,,,,,
,,,,,,,
,,,,,,,
,,,,,,,
,,,,,,,
,,,,,,,
,,,,,,,
,,,,,,,
,,,,,,,
,,,,,,,
,,,,,,,
,,,,,,,
,,,,,,,
,,,,,,,
,,,,,,,
,,,,,,,
,,,,,,,
,,,,,,,
,,,,,,,
,,,,,,,
,,,,,,,
,,,,,,,
,,,,,,,
,,,,,,,
,,,,,,,
,,,,,,,
,,,,,,,
,,,,,,,
,,,,,,,
,,,,,,,
,,,,,,,
,,,,,,,
,,,,,,,
,,,,,,,
,,,,,,,
,,,,,,,
,,,,,,,
,,,,,,,
,,,,,,,
,,,,,,,
,,,,,,,
,,,,,,,
,,,,,,,
,,,,,,,
,,,,,,,
,,,,,,,
,,,,,,,
,,,,,,,
,,,,,,,
,,,,,,,
,,,,,,,
,,,,,,,
,,,,,,,
,,,,,,,
,,,,,,,
,,,,,,,
,,,,,,,
,,,,,,,
,,,,,,,
,,,,,,,
,,,,,,,
,,,,,,,
,,,,,,,
,,,,,,,
,,,,,,,
,,,,,,,
,,,,,,,
,,,,,,,
,,,,,,,
,,,,,,,
,,,,,,,
,,,,,,,
,,,,,,,
,,,,,,,
,,,,,,,
,,,,,,,
,,,,,,,
,,,,,,,
,,,,,,,
,,,,,,,
,,,,,,,
,,,,,,,
,,,,,,,
,,,,,,,
,,,,,,,
,,,,,,,
,,,,,,,
,,,,,,,
,,,,,,,
,,,,,,,
,,,,,,,
,,,,,,,
,,,,,,,
,,,,,,,
,,,,,,,
,,,,,,,
,,,,,,,
,,,,,,,
,,,,,,,
,,,,,,,
,,,,,,,
,,,,,,,
,,,,,,,
,,,,,,,
,,,,,,,
,,,,,,,
,,,,,,,
,,,,,,,
,,,,,,,
,,,,,,,
,,,,,,,
,,,,,,,
,,,,,,,
,,,,,,,
,,,,,,,
,,,,,,,
,,,,,,,
,,,,,,,
,,,,,,,
,,,,,,,
,,,,,,,
,,,,,,,
,,,,,,,
,,,,,,,
,,,,,,,
,,,,,,,
,,,,,,,
,,,,,,,
,,,,,,,
,,,,,,,
,,,,,,,
,,,,,,,
,,,,,,,
,,,,,,,
,,,,,,,
,,,,,,,
,,,,,,,
,,,,,,,
,,,,,,,
,,,,,,,
,,,,,,,
,,,,,,,
,,,,,,,
,,,,,,,
,,,,,,,
,,,,,,,
,,,,,,,
,,,,,,,
,,,,,,,
,,,,,,,
,,,,,,,
,,,,,,,
,,,,,,,
,,,,,,,
,,,,,,,
,,,,,,,
,,,,,,,
,,,,,,,
,,,,,,,
,,,,,,,
,,,,,,,
,,,,,,,
,,,,,,,
,,,,,,,
,,,,,,,
,,,,,,,
,,,,,,,
,,,,,,,
,,,,,,,
,,,,,,,
,,,,,,,
,,,,,,,
,,,,,,,
,,,,,,,
,,,,,,,
,,,,,,,
,,,,,,,
,,,,,,,
,,,,,,,
,,,,,,,
,,,,,,,
,,,,,,,
,,,,,,,
,,,,,,,
,,,,,,,
,,,,,,,
,,,,,,,
,,,,,,,
,,,,,,,
,,,,,,,
,,,,,,,
,,,,,,,
,,,,,,,
,,,,,,,
,,,,,,,
,,,,,,,
,,,,,,,
,,,,,,,
,,,,,,,
,,,,,,,
,,,,,,,
,,,,,,,
,,,,,,,
,,,,,,,
,,,,,,,
,,,,,,,
,,,,,,,
,,,,,,,
,,,,,,,
,,,,,,,
,,,,,,,
,,,,,,,
,,,,,,,
,,,,,,,
,,,,,,,
,,,,,,,
,,,,,,,
,,,,,,,
,,,,,,,
,,,,,,,
,,,,,,,
,,,,,,,
,,,,,,,
,,,,,,,
,,,,,,,
,,,,,,,
,,,,,,,
,,,,,,,
,,,,,,,
,,,,,,,
,,,,,,,
,,,,,,,
,,,,,,,
,,,,,,,
,,,,,,,
,,,,,,,
,,,,,,,
,,,,,,,
,,,,,,,
,,,,,,,
,,,,,,,
,,,,,,,
,,,,,,,
,,,,,,,
,,,,,,,
,,,,,,,
,,,,,,,
,,,,,,,
,,,,,,,
,,,,,,,
,,,,,,,
,,,,,,,
,,,,,,,
,,,,,,,
,,,,,,,
,,,,,,,
,,,,,,,
,,,,,,,
,,,,,,,
,,,,,,,
,,,,,,,
,,,,,,,
,,,,,,,
,,,,,,,
,,,,,,,
,,,,,,,
,,,,,,,
,,,,,,,
,,,,,,,
,,,,,,,
,,,,,,,
,,,,,,,
,,,,,,,
,,,,,,,
,,,,,,,
,,,,,,,
,,,,,,,
,,,,,,,
,,,,,,,
,,,,,,,
,,,,,,,
,,,,,,,
,,,,,,,
,,,,,,,
,,,,,,,
,,,,,,,
,,,,,,,
,,,,,,,
,,,,,,,
,,,,,,,
,,,,,,,
,,,,,,,
,,,,,,,
,,,,,,,
,,,,,,,
,,,,,,,
,,,,,,,
,,,,,,,
,,,,,,,
,,,,,,,
,,,,,,,
,,,,,,,
,,,,,,,
,,,,,,,
,,,,,,,
,,,,,,,
,,,,,,,
,,,,,,,
,,,,,,,
,,,,,,,
,,,,,,,
,,,,,,,
,,,,,,,
,,,,,,,
,,,,,,,
,,,,,,,
,,,,,,,
,,,,,,,
,,,,,,,
,,,,,,,
,,,,,,,
,,,,,,,
,,,,,,,
,,,,,,,
,,,,,,,
,,,,,,,
,,,,,,,
,,,,,,,
,,,,,,,
,,,,,,,
,,,,,,,
,,,,,,,
,,,,,,,
,,,,,,,
,,,,,,,
,,,,,,,
,,,,,,,
,,,,,,,
,,,,,,,
,,,,,,,
,,,,,,,
,,,,,,,
,,,,,,,
,,,,,,,
,,,,,,,
,,,,,,,
,,,,,,,
,,,,,,,
,,,,,,,
,,,,,,,
,,,,,,,
,,,,,,,
,,,,,,,
,,,,,,,
,,,,,,,
,,,,,,,
,,,,,,,
,,,,,,,
,,,,,,,
,,,,,,,
,,,,,,,
,,,,,,,
,,,,,,,
,,,,,,,
,,,,,,,
,,,,,,,
,,,,,,,
,,,,,,,
,,,,,,,
,,,,,,,
,,,,,,,
,,,,,,,
,,,,,,,
,,,,,,,
,,,,,,,
,,,,,,,
,,,,,,,
,,,,,,,
,,,,,,,
,,,,,,,
,,,,,,,
,,,,,,,
,,,,,,,
,,,,,,,
,,,,,,,
,,,,,,,
,,,,,,,
,,,,,,,
,,,,,,,
,,,,,,,
,,,,,,,
,,,,,,,
,,,,,,,
,,,,,,,
,,,,,,,
,,,,,,,
,,,,,,,
,,,,,,,
,,,,,,,
,,,,,,,
,,,,,,,
,,,,,,,
,,,,,,,
,,,,,,,
,,,,,,,
,,,,,,,
,,,,,,,
,,,,,,,
,,,,,,,
,,,,,,,
,,,,,,,
,,,,,,,
,,,,,,,
,,,,,,,
,,,,,,,
,,,,,,,
,,,,,,,
,,,,,,,
,,,,,,,
,,,,,,,
,,,,,,,
,,,,,,,
,,,,,,,
,,,,,,,
,,,,,,,
,,,,,,,
,,,,,,,
,,,,,,,
,,,,,,,
,,,,,,,
,,,,,,,
,,,,,,,
,,,,,,,
,,,,,,,
,,,,,,,
,,,,,,,
,,,,,,,
,,,,,,,
,,,,,,,
,,,,,,,
,,,,,,,
,,,,,,,
,,,,,,,
,,,,,,,
,,,,,,,
,,,,,,,
,,,,,,,
,,,,,,,
